"2130"	9504720.42999991
"2200"	2022277.9599999287
"2228"	2021215.019999917
"2445"	672277.170000009
"2459"	737270.180000005
"2487"	1587866.6299999238
"2501"	12557804.070001692
"2508"	8080894.869999985
"2515"	12895997.970001936
"2522"	8644240.619999897
"2529"	3255566.1699999166
"2536"	7227580.989999972
"2543"	4877898.90000009
"2550"	1771229.7699999337
"2564"	3547420.5499999267
"2571"	7897713.229999893
"2578"	5627263.049999819
"2585"	5559160.030000039
"2592"	1354722.6299999622
"2599"	6469639.82999995
"2606"	4816503.130000111
"2613"	9022670.529999994
"2620"	8100802.540000088
"2627"	6705544.22999972
"2634"	261294.7400000001
"2641"	2645050.410000013
"2648"	14771525.16000181
"2655"	1353588.2399999888
"2662"	4697632.440000018
"2669"	545310.7300000045
"2676"	27550.700000000008
"2683"	14969.839999999997
"2690"	7334.630000000004
"2697"	225655.9300000005
"2704"	54104.040000000015
"2711"	11644.449999999993
"2718"	74381.84999999998
"2837"	681218.9700000037
"2844"	779590.2900000048
"2851"	303192.68
"2956"	495550.4900000065
"2963"	1113236.5899999628
"3054"	1132428.5799999442
"3390"	10082283.450000618
"3488"	2080270.7400000026
"3495"	1692494.2499999183
"3530"	5854.88
"3565"	1803661.2699999155
"3614"	355967.0400000006
"3621"	1604454.2099999695
"3628"	3867378.1399998814
"3635"	444502.6500000009
"3642"	46893.18000000001
"3656"	2092279.8599999528
"3663"	3047001.2999999356
"3670"	5050477.469999749
"3677"	60042.00000000007
"3691"	2801954.939999937
"3698"	1281072.6199999654
"3705"	2021890.4599999448
"3712"	1255329.8999999815
"3719"	2514294.479999962
"3726"	2212476.159999945
"3740"	1471506.2599999893
"3747"	378851.4899999975
"3761"	137892.6600000004
"3782"	881258.8600000128
"3789"	2200091.0199999814
"3803"	460220.6100000013
"3831"	767129.3800000006
"3838"	3276161.039999923
"3845"	147316.07000000012
"3852"	36563.38000000006
"3859"	2487853.8399999407
"3866"	1160366.0100000158
"3873"	1303333.0100000105
"3880"	947195.6900000088
"3894"	515647.7600000023
"3901"	658618.210000006
"3908"	936019.7600000082
"3915"	191718.11999999985
"3929"	234739.89000000016
"3943"	1321177.5999999708
"3950"	229183.4700000001
"3957"	313386.9400000015
"3964"	587431.6699999957
"4006"	882300.4700000121
"4013"	801605.7400000038
"4027"	1696888.120000003
"4034"	168821.78999999992
"4041"	11511.059999999992
"4062"	1690136.3599999915
"4069"	1980253.3499999759
"4076"	153723.6900000003
"4083"	2514307.9999999152
"4090"	231377.56999999986
"4097"	713916.8099999994
"4104"	1852892.1299999855
"4118"	910628.9899999994
"4125"	408548.29000000027
"4132"	875050.4200000209
"4139"	510692.9600000043
"4146"	1244765.8099999803
"4153"	1362810.3299999894
"4160"	842759.4000000115
"4167"	10876388.920000793
"4174"	2191.2999999999997
"4181"	132454.5900000005
"4188"	266975.12000000017
"4195"	959735.5500000009
"4202"	1881766.2899999805
"4209"	5139944.079999804
"4223"	535523.5799999979
"4230"	920240.0499999982
"4251"	1085659.0099999898
"4258"	1304414.289999987
"4265"	2082850.249999981
"4272"	1140857.7800000012
"4279"	207367.26000000097
"4293"	170285.3699999998
"4300"	1179473.4100000018
"4307"	567912.41
"4314"	903.35
"4321"	763853.8300000048
"4328"	307531.7499999989
"4335"	123088.88000000016
"4349"	866876.5600000025
"4356"	226721.8500000008
"4363"	28689.260000000035
"4370"	551794.8300000078
"4377"	483461.27000000916
"4384"	663545.5200000021
"4391"	22912.120000000017
"4398"	213100.21999999986
"4405"	654683.4900000101
"4412"	258417.39
"4419"	379759.01000000304
"4426"	1034875.240000005
"4433"	472831.310000006
"4440"	162781.8899999999
"4447"	337080.1800000034
"4454"	177311.41
"4461"	535719.2100000083
"4468"	189867.91000000018
"4475"	516877.55000000045
"4482"	791130.1899999923
"4489"	277699.4499999994
"4496"	524051.4600000013
"4503"	206723.18000000014
"4510"	297289.8399999996
"4517"	339695.0299999999
"4524"	282860.09000000113
"4531"	308214.41000000015
"4538"	151501.3100000001
"4545"	752853.6700000082
"4552"	365108.7000000006
"4559"	1265635.2399999418
"4566"	833071.0100000065
"4573"	182029.02000000034
"4580"	282290.6100000002
"4594"	427287.5500000057
"4601"	484880.0300000087
"4608"	481474.11000000115
"4615"	1806863.2599999614
"4622"	692124.7700000097
"4629"	659721.2499999976
"4636"	457408.9999999977
"4643"	229590.1499999999
"4650"	394018.9300000023
"4657"	235355.72000000064
"4664"	215010.86000000112
"4671"	29522.44000000002
"4678"	2632623.50000001
"4685"	377396.4000000004
"4692"	172649.7599999999
"4699"	262831.7499999996
"4706"	145607.2000000001
"4713"	409022.63000000315
"4720"	471442.2100000038
"4727"	356022.39000000077
"4734"	595168.8400000031
"4741"	459432.3300000008
"4748"	272218.2899999998
"4755"	135310.01
"4762"	515769.1799999951
"4769"	781323.4000000013
"4776"	37095.09000000002
"4783"	292237.3400000013
"4790"	145350.41999999946
"4797"	377867.7700000012
"4804"	654480.2500000037
"4811"	100645.06000000011
"4818"	912747.9400000137
"4825"	221358.88999999917
"4832"	12516.459999999997
"4839"	463278.32000000234
"4846"	175464.7300000004
"4853"	322185.3800000012
"4860"	511882.86000000377
"4867"	708454.6500000033
"4874"	250643.1000000027
"4881"	188406.13000000032
"4888"	581126.1900000037
"4895"	822042.9900000034
"4902"	936592.230000014
"4909"	345071.8300000004
"4916"	2480.3100000000004
"4923"	93551.62000000024
"4930"	142459.1700000003
"4937"	199905.08999999976
"4944"	145713.53000000012
"4951"	19762.469999999994
"4958"	593539.880000005
"4965"	4287.18
"4972"	369948.3300000038
"4979"	410783.60000000324
"4986"	999701.2700000065
"4993"	655647.1900000027
"5000"	216808.69999999987
"5007"	617259.2200000032
"5014"	198584.71999999968
"5021"	228805.07999999926
"5028"	622029.6200000001
"5035"	118750.00000000016
"5042"	712816.4100000041
"5049"	12352.229999999987
"5056"	89341.59999999999
"5063"	737017.6300000163
"5070"	355413.84000000055
"5077"	2164569.400000023
"5084"	7138.75
"5091"	235653.83000000002
"5098"	961222.7500000201
"5105"	1590447.550000002
"5112"	106118.32999999986
"5119"	129257.88999999997
"5126"	2413316.299999987
"5133"	444299.10000000347
"5140"	1112823.570000002
"5147"	138386.88000000056
"5154"	188255.9799999999
"5161"	20769.840000000007
"5168"	64033.409999999894
"5175"	45144.30000000003
"5182"	176383.4
"5189"	16616.010000000002
"5196"	215971.37999999922
"5203"	280474.16000000224
"5210"	1021434.2300000081
"5217"	58046.91000000006
"5224"	816211.570000007
"5238"	208682.5200000007
"5245"	532711.5100000047
"5252"	257320.30000000124
"5259"	441590.69000000216
"5266"	20615.160000000007
"5273"	82866.99
"5280"	308370.84000000096
"5287"	235454.39999999944
"5294"	89380.21999999994
"5301"	105014.29999999993
"5308"	4760.909999999999
"5315"	451749.98000000184
"5322"	280994.900000001
"5329"	195163.04000000015
"5336"	201000.2000000012
"5343"	237219.79999999903
"5350"	84683.79000000004
"5357"	287392.10000000003
"5364"	257341.61000000234
"5371"	515229.4400000035
"5378"	86448.16000000015
"5385"	409918.20000000176
"5392"	109018.0400000001
"5399"	117959.45000000019
"5406"	79034.03999999994
"5413"	159343.20000000086
"5420"	74970.12000000001
"5427"	1460783.4099999939
"5434"	272782.0500000003
"5441"	555523.0499999985
"5448"	547873.9500000001
"5455"	253429.120000002
"5462"	573552.2500000059
"5469"	131655.01000000015
"5476"	651421.7899999984
"5483"	51581.24999999994
"5490"	182906.11999999962
"5497"	63906.47000000008
"5504"	338399.69000000006
"5511"	89004.09999999998
"5518"	25952.23000000003
"5525"	259102.29000000065
"5532"	81783.88000000002
"5539"	77094.88999999996
"5546"	61098.44
"5553"	59911.76999999996
"5560"	2612.959999999999
"5567"	28904.069999999996
"5574"	77308.93999999999
"5581"	54349.49999999999
"5588"	30513.88000000001
"5595"	6436.090000000001
"5602"	68989.59999999999
"5609"	154531.34999999986
"5616"	44395.22000000003
"5623"	418855.2800000021
"5630"	46831.75
"5637"	87547.67999999995
"5644"	87829.21000000017
"5651"	605786.6899999997
"5658"	41742.14000000001
"5665"	86703.35000000006
"5672"	70876.11999999994
"5679"	34210.310000000034
"5686"	74487.33999999991
"5693"	91361.58000000007
"5700"	64154.52999999991
"5707"	28502.50000000002
"5714"	16502.039999999994
"5721"	42016.770000000004
"5728"	753720.9700000022
"5735"	157284.17000000027
"5742"	5739.3600000000015
"5749"	32679.150000000016
"5756"	30434.999999999993
"5763"	38644.659999999996
"5770"	33576.03
"5777"	37592.81000000001
"5784"	40768.78
"5791"	16944.839999999993
"5798"	36542.780000000035
"5805"	23479.279999999988
"5812"	30555.91
"5819"	17518.28
"5826"	55183.61000000006
"5833"	29454.889999999992
"5840"	104858.45000000011
"5847"	32437.219999999954
"5854"	32560.339999999997
"5861"	84870.08999999994
"5868"	115161.84000000011
"5875"	38952.35000000001
"5882"	30825.980000000058
"5889"	6187.310000000001
"5896"	13218.439999999991
"5903"	122242.91999999982
"5910"	342146.43000000034
"5917"	315675.87000000087
"5924"	111446.07000000011
"5931"	51797.98000000002
"5938"	6223.400000000001
"5945"	22338.159999999996
"5952"	73277.91999999994
"5959"	18425.899999999994
"5966"	9420.550000000001
"5973"	9733.870000000003
"5980"	7722.619999999998
"5987"	10131.689999999999
"5994"	55983.45999999998
"6001"	8616.939999999999
"6008"	77000.39999999997
"6022"	7841.64
"6036"	20767.449999999975
"6057"	20303.910000000007
"9018"	74541.15
"9039"	204231.54000000004
"9928"	1891.5
"2191"	9593797.800000442
"2205"	875033.9799999926
"2233"	2728725.649999956
"2422"	2872.0099999999984
"2478"	1795299.1799999708
"2506"	12309142.660000993
"2513"	6023426.919999988
"2527"	6777852.319999692
"2534"	393483.25000000035
"2548"	9774431.920000125
"2555"	5860068.0899999235
"2562"	3741361.5899998937
"2569"	3964327.070000042
"2576"	5277745.970000054
"2583"	261914.5800000004
"2590"	10241219.06000053
"2597"	1990042.459999969
"2604"	5875631.510000021
"2611"	3412716.609999882
"2618"	2965906.259999957
"2625"	19188439.56000142
"2653"	3519465.6699999603
"2660"	1838341.6199999687
"2667"	744267.2400000074
"2674"	125784.02999999994
"2681"	42418.87999999998
"2688"	28354.37
"2695"	15712.119999999997
"2702"	25265.279999999995
"2709"	15326.580000000016
"2716"	60262.60999999998
"2835"	1011691.7799999974
"2849"	162468.00999999992
"2954"	1784889.6399998998
"2961"	730475.7799999956
"3003"	275780.4300000008
"3045"	818856.7400000143
"3437"	806096.400000004
"3451"	814490.5100000033
"3465"	1139786.950000003
"3514"	2875638.5000000442
"3521"	3355520.999999914
"3528"	1599599.279999984
"3542"	1074406.3699999896
"3549"	3586039.070000008
"3563"	3470284.3699999503
"3584"	1644283.5999999826
"3591"	145856.3399999999
"3612"	3573422.880000182
"3626"	3288870.6499999724
"3647"	3523576.48999997
"3654"	783056.0100000112
"3682"	1517612.2399999998
"3696"	1697687.0899999854
"3710"	309565.57000000234
"3717"	743766.5800000068
"3731"	4043629.389999906
"3738"	807699.8300000122
"3766"	400010.3900000003
"3773"	21442829.339999557
"3808"	1002151.5499999928
"3822"	416337.50000000274
"3829"	1348054.4699999643
"3857"	2835396.769999993
"3864"	43291.260000000046
"3871"	946893.9300000141
"3878"	503882.41000000417
"3885"	105463.38000000046
"3899"	4542612.459999875
"3906"	66783.69999999997
"3920"	998077.1799999634
"3934"	2039081.249999971
"3962"	241947.129999999
"3969"	126444.61000000023
"3976"	165908.49999999997
"3990"	3323194.240000095
"3997"	1278840.3300000015
"4004"	3186743.9099999648
"4011"	1837077.5299999763
"4018"	162666.19999999943
"4025"	689172.7500000081
"4039"	70993.55999999998
"4046"	370626.1599999964
"4067"	735025.3299999858
"4081"	381499.5299999988
"4095"	320779.1900000018
"4102"	1297584.439999978
"4109"	98787.17000000007
"4116"	435628.04000000306
"4130"	290232.82999999996
"4137"	1745507.2599999679
"4144"	93929.10000000025
"4158"	1581092.3499999945
"4165"	798842.8199999848
"4172"	647898.4900000024
"4186"	605952.2299999999
"4193"	524294.0600000032
"4200"	1144563.8499999917
"4214"	895861.5700000061
"4221"	95719.77999999996
"4228"	2827634.519999918
"4235"	961178.6400000055
"4249"	508234.21000000037
"4256"	1532323.429999975
"4270"	121480.63000000014
"4277"	2836499.2999999756
"4284"	750427.7600000068
"4291"	2399683.039999991
"4298"	317578.96000000025
"4312"	14432363.53000142
"4319"	1124021.6000000082
"4326"	390659.17999999865
"4333"	9767.54
"4340"	464097.8200000015
"4347"	128281.68000000072
"4354"	21667.749999999985
"4361"	691973.6500000096
"4368"	446366.55000000756
"4375"	538023.6800000105
"4382"	616072.6500000054
"4389"	18621.350000000002
"4396"	299550.31999999925
"4403"	78604.17999999996
"4410"	332329.5900000018
"4417"	314388.3200000016
"4424"	231847.2200000001
"4431"	108152.72999999984
"4438"	380110.90000000317
"4445"	165876.0099999997
"4452"	903666.9000000028
"4459"	499259.8400000044
"4466"	780077.0700000027
"4473"	539651.5800000004
"4480"	236843.6600000007
"4487"	260756.0099999993
"4494"	111927.00999999986
"4501"	346918.650000001
"4508"	291564.45000000054
"4515"	197580.22000000044
"4522"	301305.62999999884
"4529"	173450.00000000038
"4536"	326656.5899999997
"4543"	255470.64999999956
"4550"	20274.95
"4557"	705213.9000000014
"4564"	127333.28000000105
"4571"	198482.93000000034
"4578"	277984.30000000005
"4585"	305459.40999999945
"4592"	418030.030000003
"4599"	630868.4100000104
"4606"	73418.55999999995
"4613"	432012.1000000007
"4620"	271714.7900000004
"4627"	151893.16000000003
"4634"	392043.97999999975
"4641"	654196.9900000053
"4648"	3290717.129999905
"4655"	223204.86999999956
"4662"	318578.52000000095
"4669"	537171.6900000012
"4676"	287057.0600000023
"4683"	220893.14000000036
"4690"	219356.55000000048
"4697"	3011558.9099999513
"4704"	210791.9699999994
"4711"	248907.69000000006
"4718"	323797.5300000002
"4725"	724582.9199999938
"4732"	471081.04000000266
"4739"	165046.68000000005
"4746"	177133.94999999987
"4753"	116492.86000000002
"4760"	306910.8800000007
"4767"	377820.83999999997
"4774"	377146.2300000022
"4781"	201345.09000000102
"4788"	282637.07999999996
"4795"	726306.6200000029
"4802"	1360404.5600000077
"4809"	23516.109999999993
"4816"	15061.680000000002
"4823"	232000.72999999937
"4830"	1087.5
"4837"	579932.5700000032
"4844"	207197.22000000082
"4851"	81231.28999999996
"4858"	121852.15000000014
"4865"	53554.26000000004
"4872"	259681.0699999996
"4879"	2153983.8700000118
"4886"	143838.43999999983
"4893"	387489.63000000064
"4900"	893378.6700000159
"4907"	594557.3300000012
"4914"	400244.6899999994
"4921"	416134.7700000037
"4928"	63675.550000000025
"4935"	1172597.8100000147
"4942"	346596.05000000127
"4949"	457069.9400000015
"4956"	457906.720000002
"4963"	83755.34000000033
"4970"	492268.50000000396
"4977"	24011.719999999972
"4984"	758320.5299999964
"4991"	171534.74999999977
"4998"	752563.8600000181
"5005"	546346.069999997
"5012"	109781.07000000014
"5019"	74302.71999999999
"5026"	38899.109999999986
"5033"	13375.510000000002
"5040"	235097.7200000017
"5047"	40344.81999999995
"5054"	2868785.530000052
"5061"	256623.94000000015
"5068"	2368222.139999983
"5075"	222040.64000000095
"5082"	129361.78000000016
"5089"	269014.30999999994
"5096"	542480.9200000056
"5103"	29839.470000000034
"5110"	227731.65000000203
"5117"	512574.3500000001
"5124"	2129782.7999999835
"5131"	1119528.9800000233
"5138"	230017.73000000036
"5145"	1948928.4800000128
"5152"	4562.760000000002
"5159"	207495.80000000005
"5166"	243103.36000000197
"5173"	538897.4999999974
"5180"	132404.52000000028
"5187"	836658.4300000095
"5194"	45346.00999999988
"5201"	20531.949999999997
"5208"	42882.210000000065
"5215"	372205.5500000042
"5222"	2367765.3600000255
"5229"	140709.8500000001
"5236"	1818660.5799999663
"5243"	2697.3800000000006
"5250"	301648.7200000002
"5257"	2737128.8500000755
"5264"	209826.70000000007
"5271"	162025.24999999956
"5278"	8430.08
"5285"	41515.679999999986
"5292"	325442.75000000163
"5299"	521196.57999999536
"5306"	40092.790000000045
"5313"	141891.7800000003
"5327"	906809.6800000083
"5334"	427795.8000000021
"5341"	283069.8999999997
"5348"	141751.2000000012
"5355"	30482.03
"5362"	550570.5100000009
"5369"	125365.16000000006
"5376"	95674.5800000002
"5383"	93371.33000000019
"5390"	193286.67000000068
"5397"	184357.2499999999
"5404"	112672.8099999998
"5411"	286135.2199999997
"5418"	92974.17999999983
"5425"	868218.5799999931
"5432"	314571.8600000001
"5439"	96383.65999999977
"5446"	376020.1899999998
"5453"	65492.440000000024
"5460"	394837.4300000039
"5467"	91009.72000000004
"5474"	204540.25000000017
"5481"	707547.1200000066
"5488"	60788.26000000006
"5495"	25865.800000000007
"5502"	80215.94999999998
"5509"	84617.42999999983
"5516"	29228.2
"5530"	46004.199999999975
"5537"	173554.24000000054
"5544"	43260.05000000001
"5551"	66397.37999999996
"5558"	58673.49000000005
"5565"	160462.99999999977
"5572"	66398.02000000005
"5579"	23781.92
"5586"	21182.99
"5593"	332659.100000001
"5600"	1422124.480000009
"5607"	64247.15999999999
"5614"	370928.0500000014
"5621"	164162.37999999995
"5628"	177140.0400000001
"5635"	195818.41999999984
"5642"	92776.41000000002
"5649"	84063.20000000003
"5656"	308255.0199999999
"5663"	350797.10999999975
"5670"	172081.78999999966
"5677"	27958.910000000033
"5684"	352504.06000000157
"5691"	538466.7500000029
"5698"	67140.62000000001
"5705"	210923.8700000006
"5712"	26392.04000000001
"5719"	31262.159999999996
"5726"	141825.15999999992
"5740"	220937.35999999984
"5747"	53704.30000000011
"5754"	55571.690000000024
"5761"	24985.060000000005
"5768"	37568.74
"5775"	70652.81000000008
"5782"	84545.74000000003
"5789"	50953.82000000004
"5796"	41981.60000000002
"5803"	51846.36999999999
"5810"	42980.570000000036
"5817"	23894.77
"5824"	39365.48999999999
"5831"	19047.679999999997
"5838"	21274.55999999998
"5845"	67696.29000000004
"5852"	34990.98000000001
"5859"	382319.87000000064
"5866"	43938.88000000004
"5873"	245328.9800000011
"5880"	39197.28999999999
"5887"	20556.50000000001
"5894"	19172.010000000006
"5901"	116294.72999999997
"5908"	119577.56000000013
"5915"	107466.12000000004
"5922"	22758.919999999995
"5929"	62029.32
"5936"	38543.65000000003
"5943"	8608.54
"5950"	20518.520000000008
"5957"	149814.84999999983
"5971"	99345.37000000046
"5978"	9091.270000000002
"5985"	8055.579999999999
"5992"	8055.579999999999
"6006"	8859.5
"6013"	36294.24999999999
"6020"	111050.24999999972
"6027"	12777.419999999995
"6034"	17482.579999999998
"6041"	245876.58999999968
"6048"	12769.289999999997
"6062"	2012.1300000000003
"9002"	2378150.830000015
"9023"	19783.920000000002
"9037"	60259.5
"9912"	2074.7000000000003
"9919"	3075.9299999999994
"2161"	42363.05000000001
"2238"	1201462.5699999896
"2413"	4313449.129999983
"2448"	1320221.4499999643
"2511"	58831.22000000002
"2518"	3296463.04
"2532"	5162716.7099998295
"2539"	5692590.539999946
"2553"	3031203.720000019
"2560"	9477118.400000274
"2567"	4096863.7200000565
"2588"	6668900.000000185
"2595"	7006184.730000011
"2602"	3955686.680000288
"2609"	545442.5600000065
"2616"	13960337.200001668
"2623"	9788971.640000602
"2630"	2122661.3199999672
"2637"	7729136.92999986
"2644"	10865207.97000046
"2651"	8216717.130000219
"2658"	580667.5800000044
"2665"	13308756.180000855
"2672"	1760675.189999984
"2679"	241918.1999999998
"2686"	4286.320000000001
"2693"	2900.08
"2700"	247988.15000000046
"2707"	19370.209999999995
"2714"	117823.82000000012
"2840"	854784.7999999964
"2847"	229417.41000000096
"2854"	168128.5500000002
"2959"	1634707.7399999513
"3064"	19733.51000000001
"3162"	1091589.93999999
"3393"	174386.69999999987
"3400"	1684921.0499999677
"3456"	5558641.510000152
"3477"	12604954.15000022
"3484"	362021.41999999963
"3540"	1763929.1999999552
"3554"	59992.63000000004
"3582"	198783.82999999967
"3596"	14976.659999999994
"3624"	1595418.1
"3631"	491601.78000000084
"3645"	2666042.119999961
"3652"	214179.40999999907
"3666"	2887118.829999909
"3715"	1519038.2799999896
"3722"	3390362.6299999193
"3757"	4810832.209999815
"3778"	869109.6000000094
"3785"	840950.0499999942
"3806"	2674333.9799999446
"3813"	590411.8899999999
"3820"	10944840.270001212
"3841"	488523.84000000736
"3855"	608892.5400000012
"3869"	3316736.4800001103
"3876"	412853.61000000447
"3890"	1182942.8800000015
"3911"	354166.2199999965
"3918"	561659.2599999985
"3925"	1647608.1199999447
"3932"	1939364.6599999717
"3981"	3012902.1499999147
"3995"	2810742.0499999896
"4016"	186272.21000000095
"4023"	2123889.8599999794
"4030"	96289.78000000007
"4044"	168053.88999999984
"4051"	1689846.7099999953
"4072"	343400.4300000022
"4093"	190608.93999999986
"4107"	2449861.290000009
"4114"	1169984.1899999843
"4121"	72067.62000000005
"4135"	1543262.9299999839
"4149"	964910.8700000042
"4156"	2829411.969999989
"4163"	1345586.279999998
"4170"	299383.1600000016
"4177"	307707.67000000057
"4184"	940251.3900000029
"4191"	903481.7200000009
"4205"	1320002.6799999957
"4219"	1138801.9099999748
"4226"	527.7199999999999
"4233"	1451676.4199999673
"4247"	701377.3299999977
"4254"	1117606.6900000118
"4268"	977385.6700000023
"4275"	1161679.480000001
"4282"	126044.64000000019
"4289"	649979.7399999973
"4296"	1121917.7999999942
"4303"	570553.819999993
"4310"	797497.1299999946
"4317"	1023019.7900000075
"4324"	499867.0999999974
"4331"	226880.40000000066
"4338"	71094.36
"4345"	925662.2099999784
"4352"	31870.03000000003
"4359"	392261.2900000027
"4366"	404475.10000000615
"4373"	776467.7800000117
"4380"	262315.90999999957
"4387"	391701.15000000293
"4394"	14383.099999999997
"4401"	290983.99000000046
"4408"	196178.0899999997
"4415"	239170.48999999973
"4422"	28394.360000000004
"4429"	415569.31000000535
"4436"	670610.1800000074
"4443"	563737.3000000049
"4450"	536427.3400000085
"4457"	648653.5000000044
"4464"	749876.1299999999
"4471"	185088.45000000004
"4478"	1699535.9899999741
"4485"	598959.9300000024
"4492"	325433.52000000037
"4499"	148027.31000000003
"4506"	320774.7800000007
"4513"	210259.57000000007
"4520"	373224.4200000004
"4527"	187480.79000000044
"4534"	50720.959999999985
"4541"	111272.5900000002
"4548"	203334.13999999993
"4555"	170993.67999999996
"4562"	263246.62999999954
"4569"	487362.9599999972
"4576"	444907.9500000014
"4583"	187922.79999999978
"4590"	291580.2300000002
"4597"	494930.7200000075
"4604"	2383656.3199999263
"4618"	66356.60000000006
"4625"	90752.93
"4632"	99718.63000000018
"4639"	71245.85000000003
"4646"	39195.32999999999
"4653"	241812.24000000098
"4660"	704949.1900000114
"4667"	174030.81000000038
"4674"	544526.5000000059
"4681"	458995.82999999955
"4688"	348858.9199999999
"4695"	315486.5800000011
"4702"	271691.0200000003
"4709"	384653.91000000166
"4716"	102283.75000000007
"4723"	258510.1400000002
"4730"	297217.6000000009
"4737"	83192.04000000007
"4744"	392242.42000000196
"4751"	128089.6599999999
"4758"	106420.76000000011
"4765"	120310.29999999951
"4772"	106345.94000000015
"4779"	117992.28000000017
"4786"	218096.88999999978
"4793"	170738.10999999955
"4800"	325725.7199999999
"4807"	1068655.7700000135
"4814"	38728.81999999999
"4821"	268223.80999999994
"4828"	442604.09000000125
"4835"	314616.81000000215
"4849"	684731.7600000027
"4856"	750767.5000000024
"4870"	109687.25999999957
"4877"	2365672.599999983
"4884"	345243.34000000195
"4891"	1455842.4099999939
"4898"	543305.4200000034
"4905"	157106.7000000002
"4912"	219146.14000000036
"4919"	165757.48999999973
"4926"	111130.6899999999
"4933"	108570.01999999983
"4940"	90822.45999999999
"4947"	2084926.7199999304
"4954"	28489.900000000005
"4961"	26038.31
"4968"	126068.33000000006
"4975"	274442.690000001
"4982"	134492.84000000014
"4989"	107017.31999999996
"4996"	31993.510000000013
"5003"	1691843.2800000082
"5010"	569626.0200000025
"5017"	631633.7799999992
"5024"	113075.85999999994
"5031"	145853.50999999992
"5038"	90589.04000000015
"5045"	125312.11999999992
"5052"	274952.4100000007
"5059"	134748.40000000046
"5066"	66137.81999999992
"5073"	706633.8700000083
"5080"	1159881.5300000017
"5087"	100292.04999999973
"5094"	218583.21000000014
"5101"	370500.65000000177
"5108"	481678.7699999976
"5115"	101275.7100000002
"5129"	1572954.5400000059
"5136"	5846.210000000002
"5150"	113199.78000000004
"5157"	433866.3300000029
"5164"	334844.3299999997
"5171"	248807.73999999996
"5178"	8115.990000000002
"5185"	172993.9399999996
"5192"	10386.629999999997
"5199"	142048.10000000044
"5206"	490328.5600000041
"5213"	65984.25000000019
"5227"	280807.85000000143
"5234"	81491.55000000009
"5241"	142795.49
"5248"	47227.12999999996
"5255"	326656.0300000008
"5262"	144262.03000000026
"5269"	48000.02999999996
"5276"	93122.63000000012
"5283"	142690.6999999998
"5290"	39288.74999999999
"5297"	159377.8599999999
"5304"	21717.179999999993
"5311"	225793.53000000078
"5318"	262008.8900000006
"5325"	124965.1199999998
"5332"	118963.09000000013
"5339"	210766.12000000046
"5346"	223326.6900000005
"5353"	223214.35000000108
"5360"	724211.3200000062
"5367"	141840.0500000002
"5374"	627947.0900000051
"5381"	43144.630000000005
"5388"	182972.19999999966
"5395"	101030.9400000001
"5402"	898332.1900000074
"5409"	86561.01000000008
"5416"	847930.7999999976
"5423"	1025511.6499999942
"5430"	193146.00999999983
"5437"	812603.5400000054
"5444"	1211678.78999999
"5451"	8681.3
"5458"	130632.61999999998
"5465"	271814.4299999995
"5472"	183697.65000000136
"5479"	87444.67000000019
"5493"	268886.20999999915
"5500"	9997.52
"5507"	266787.99000000075
"5514"	1624041.2200000053
"5521"	82870.07999999973
"5528"	227389.5200000016
"5535"	24125.040000000008
"5542"	72139.03000000001
"5549"	90444.55000000006
"5556"	74951.1699999999
"5563"	116344.35000000011
"5570"	64743.89
"5577"	191042.93000000043
"5584"	40403.999999999985
"5591"	30467.42999999999
"5598"	372184.5100000026
"5605"	101845.72999999998
"5612"	52105.75000000003
"5619"	65035.98000000012
"5626"	81157.40000000014
"5633"	695343.179999999
"5640"	62704.62000000006
"5647"	70366.94000000002
"5654"	221506.9799999997
"5661"	555570.6100000044
"5668"	43373.54999999998
"5675"	10797.219999999998
"5682"	475605.180000001
"5689"	16059.359999999999
"5696"	35429.47000000001
"5703"	549388.0900000029
"5710"	39061.95000000001
"5717"	49777.23999999999
"5724"	28034.560000000027
"5731"	293446.1700000002
"5738"	40631.9
"5745"	33977.259999999995
"5752"	36006.23000000005
"5759"	32451.350000000006
"5766"	47000.130000000034
"5773"	36618.110000000015
"5780"	38142.65000000002
"5787"	42414.840000000004
"5794"	55766.49000000006
"5801"	26843.699999999986
"5808"	24231.1
"5815"	179656.25000000076
"5822"	68760.47000000003
"5829"	69305.46000000008
"5836"	23890.420000000002
"5843"	6481.909999999998
"5850"	37830.5
"5857"	58453.49
"5864"	47693.24999999997
"5871"	112658.91999999994
"5878"	39394.57000000002
"5885"	14340.729999999994
"5892"	36311.44
"5899"	11813.379999999996
"5906"	126289.01000000014
"5913"	16362.750000000002
"5920"	24775.63000000002
"5927"	30273.399999999998
"5934"	175686.4699999998
"5941"	119762.97000000016
"5948"	8220.420000000002
"5955"	24228.520000000008
"5962"	7951.879999999998
"5969"	11996.449999999997
"5976"	11223.429999999997
"5983"	13162.970000000003
"5990"	9351.580000000004
"5997"	9224.329999999998
"6004"	9531.299999999997
"6018"	8925.78
"6060"	26204.07999999999
"9014"	2332.32
"9042"	40783.19999999995
"9910"	2944.5799999999995
"9931"	2520.0
"9938"	246.72
"2152"	382593.65000000136
"2285"	5783768.769999813
"2327"	591958.0099999962
"2460"	1511623.6599999685
"2502"	13513325.100001097
"2509"	5152972.990000045
"2523"	3324379.2699999944
"2537"	431884.49999999895
"2544"	11727951.990000566
"2551"	3330832.740000018
"2558"	6496459.889999748
"2565"	6935300.880000104
"2572"	9307191.220000034
"2579"	2677953.6400000085
"2593"	14071352.230001187
"2600"	1627988.9099999645
"2607"	4400465.24999995
"2614"	14720750.720002571
"2621"	8400264.119999848
"2628"	1511286.4600000114
"2635"	10456119.860000422
"2642"	5778631.289999789
"2649"	5707062.749999693
"2656"	984274.7199999848
"2663"	17135401.89000148
"2670"	15131666.540001046
"2677"	53181.569999999985
"2684"	293200.2599999987
"2691"	112824.58999999984
"2698"	13579.849999999995
"2705"	76050.44999999998
"2712"	176211.10000000018
"2719"	14197.859999999995
"2838"	459262.50000000146
"2845"	255511.87000000017
"2852"	513658.0700000059
"2964"	482135.1699999968
"3013"	789203.6400000083
"3041"	635059.1100000056
"3440"	213159.71999999927
"3447"	16998624.86000073
"3461"	1238230.7699999968
"3482"	220671.6799999985
"3524"	15529142.080000473
"3531"	279721.80999999895
"3573"	2851183.8999999915
"3587"	583896.840000003
"3615"	246094.10000000152
"3622"	4204648.769999917
"3629"	4508471.449999875
"3650"	2178439.4299999923
"3664"	1310313.7299999888
"3678"	1339656.8799999882
"3692"	6316813.769999823
"3713"	3344702.719999934
"3734"	102419.78000000014
"3762"	2196469.2999999835
"3769"	4892585.089999788
"3776"	3579462.5099999616
"3783"	1602114.4199999832
"3790"	2651146.9499999913
"3797"	606247.4800000053
"3811"	1884196.9599999818
"3818"	1856216.4299998765
"3825"	2060677.4999999742
"3832"	765.9100000000001
"3853"	762474.440000008
"3881"	3797820.0599999586
"3888"	1926819.3299999859
"3895"	109510.84999999992
"3909"	1093080.3899999997
"3916"	677975.8599999924
"3930"	673897.579999998
"3944"	8460284.159999954
"3972"	201229.10000000062
"3986"	1485175.859999978
"3993"	2599609.9399999096
"4000"	535479.3300000012
"4007"	173130.88999999996
"4014"	1829785.6399999815
"4021"	2095095.3599999743
"4035"	151100.81999999998
"4042"	302829.68000000087
"4049"	63484.319999999934
"4056"	93822.29999999992
"4070"	1471935.6999999755
"4077"	1263982.5099999986
"4084"	1812720.6099999696
"4091"	2274523.1699999385
"4098"	1594664.3599999899
"4105"	1637334.8299999582
"4112"	933422.5200000067
"4119"	601200.6300000056
"4126"	1373597.5800000343
"4133"	504632.1299999991
"4140"	1951446.209999962
"4147"	1930167.2099999455
"4154"	961504.819999998
"4161"	969005.8900000071
"4182"	1398092.2599999728
"4189"	1690086.9199999918
"4196"	2438706.2399999816
"4203"	1757757.2899999814
"4210"	262974.7800000009
"4231"	1350246.4000000039
"4252"	1495936.9899999746
"4259"	29831.25000000005
"4266"	1080615.8100000087
"4273"	1447154.7199999597
"4280"	179616.92000000045
"4294"	267010.00999999803
"4301"	2396410.419999932
"4308"	958661.5200000016
"4315"	705442.4700000059
"4322"	113161.25000000036
"4329"	20327.32999999999
"4336"	337148.1000000014
"4343"	621040.520000007
"4350"	59667.69000000005
"4357"	195374.8799999996
"4364"	248739.40999999977
"4371"	472866.77000000695
"4378"	385578.60000000254
"4385"	323809.5800000019
"4392"	561747.9900000091
"4399"	41753.96000000002
"4406"	688197.4800000085
"4413"	181730.5599999998
"4420"	148132.99999999997
"4427"	415120.71000000526
"4434"	742487.0799999995
"4441"	33102.60999999996
"4448"	323119.6100000019
"4455"	212405.55999999898
"4462"	407660.7800000034
"4469"	34732.43999999996
"4476"	424337.8900000008
"4483"	582505.9100000022
"4490"	651605.9600000033
"4497"	137415.9200000003
"4504"	692644.039999996
"4511"	669280.7400000026
"4518"	382611.36000000103
"4525"	212433.54000000062
"4532"	155811.23000000016
"4539"	209329.83999999997
"4546"	230071.3000000005
"4553"	238573.65999999997
"4560"	286374.83000000037
"4567"	171210.37999999995
"4574"	66715.38999999987
"4581"	131496.38999999993
"4588"	2683985.229999991
"4595"	328102.4100000016
"4602"	857608.4600000023
"4609"	481001.3000000048
"4616"	631816.5199999957
"4623"	170716.65000000046
"4630"	1708918.3000000012
"4637"	600727.430000003
"4644"	757686.1800000072
"4651"	315277.1200000021
"4658"	204145.45000000074
"4665"	463545.3599999988
"4672"	111878.71999999997
"4679"	223768.38999999972
"4686"	246250.42000000173
"4693"	29537.75999999997
"4700"	298630.14000000077
"4707"	70877.65000000001
"4714"	172988.65000000002
"4721"	191543.70999999988
"4728"	275063.94000000064
"4735"	274803.51999999996
"4742"	558540.7500000031
"4749"	220574.33999999997
"4756"	145170.9200000002
"4763"	99583.18000000005
"4770"	229589.77000000037
"4777"	185741.1100000003
"4784"	18946.319999999996
"4791"	173679.59000000017
"4798"	334752.8200000009
"4805"	1030415.6299999986
"4812"	450079.2600000016
"4819"	1292782.8499999768
"4826"	17664.959999999995
"4833"	7864.610000000001
"4840"	351298.0000000018
"4847"	1016443.1399999846
"4854"	290582.80000000016
"4861"	425879.70000000345
"4868"	457735.95000000467
"4875"	81360.99000000005
"4882"	212809.62999999977
"4889"	163610.73000000065
"4896"	204294.30000000054
"4903"	3735.95
"4910"	1121733.3800000108
"4917"	164415.3999999998
"4924"	180212.0000000001
"4931"	8098.139999999999
"4938"	318996.60000000044
"4945"	771758.1799999854
"4952"	508049.14000000065
"4959"	1715371.3300000017
"4966"	43267.40000000002
"4973"	1438406.7299999762
"4980"	231118.7399999999
"4987"	64913.530000000006
"4994"	22582.48000000001
"5001"	1328224.6099999645
"5008"	75707.97000000012
"5022"	161672.40000000005
"5029"	1978348.9499999962
"5036"	218204.06000000035
"5043"	463895.3400000031
"5050"	1330977.499999987
"5057"	462933.8200000065
"5064"	187414.68000000046
"5071"	476461.28000000515
"5078"	201001.10999999978
"5085"	12940.309999999992
"5092"	364964.1800000063
"5099"	207662.69999999952
"5106"	1540181.4299999732
"5113"	1528874.7200000212
"5120"	117351.10000000021
"5127"	2738590.0799999405
"5134"	223694.57000000076
"5141"	107043.63000000021
"5148"	514959.2800000014
"5155"	784150.1200000047
"5162"	1320756.6899999517
"5169"	121722.09000000024
"5176"	726445.6699999989
"5183"	110433.64000000009
"5190"	251669.1200000008
"5197"	293784.14999999997
"5204"	467243.54000000085
"5211"	301213.520000001
"5218"	29656.600000000006
"5225"	278244.25999999983
"5232"	55716.47000000007
"5239"	143150.97999999972
"5246"	178199.85000000015
"5253"	201252.4199999999
"5260"	185695.05
"5267"	193189.49999999994
"5274"	299013.10999999964
"5281"	82636.42999999996
"5288"	57113.02000000001
"5295"	275420.44999999896
"5302"	248879.79999999885
"5309"	988537.8500000093
"5316"	204717.68999999986
"5323"	104418.38000000027
"5330"	83443.26000000001
"5337"	118329.25999999985
"5344"	110221.46000000011
"5351"	3135275.840000047
"5358"	224605.38999999966
"5365"	69057.6700000001
"5372"	30351.86
"5379"	72472.14000000004
"5386"	120590.82000000004
"5393"	99327.22000000009
"5400"	91503.42
"5407"	74317.92000000001
"5421"	144996.4499999999
"5428"	90935.98999999989
"5435"	288393.9199999997
"5449"	170321.70000000048
"5456"	149928.61000000022
"5463"	345916.0499999993
"5470"	151273.3600000006
"5477"	81974.75000000001
"5484"	89374.37000000005
"5491"	126629.70000000001
"5498"	51231.61999999998
"5505"	453507.1200000006
"5512"	66476.18999999994
"5519"	111679.89000000014
"5526"	475182.28000000113
"5533"	908234.5600000017
"5540"	16260.259999999997
"5547"	46733.400000000045
"5554"	58246.08
"5561"	108132.20999999979
"5568"	35282.97000000002
"5575"	59342.420000000115
"5582"	71159.39999999997
"5589"	152039.16999999998
"5596"	513321.0700000015
"5603"	28544.609999999975
"5610"	40045.0
"5617"	103870.77000000009
"5624"	57943.35999999997
"5631"	80370.50999999994
"5638"	993.24
"5645"	599571.0900000022
"5652"	273752.34000000084
"5659"	14182.859999999997
"5666"	2677370.5200000005
"5673"	24816.45000000001
"5680"	46901.139999999956
"5687"	57587.92000000002
"5694"	35398.92000000002
"5701"	100705.1699999999
"5708"	290728.4499999997
"5715"	73892.43000000008
"5722"	331631.19000000064
"5729"	5116.770000000002
"5736"	307231.9199999989
"5743"	73677.21999999994
"5750"	58044.57000000004
"5757"	30880.96000000001
"5764"	13860.119999999995
"5771"	45471.98000000003
"5778"	29074.20000000001
"5785"	45746.590000000026
"5792"	14697.539999999997
"5799"	32133.85
"5806"	20827.100000000006
"5813"	36779.51000000003
"5820"	53501.89999999999
"5827"	41836.51000000001
"5834"	22322.280000000006
"5841"	62694.20000000002
"5848"	29998.309999999965
"5855"	24458.400000000005
"5862"	15601.409999999996
"5869"	149580.63000000012
"5876"	121272.32000000007
"5883"	14176.429999999997
"5890"	45950.29000000005
"5897"	104322.96999999999
"5904"	15388.359999999995
"5911"	80883.53000000001
"5918"	60018.879999999925
"5925"	18534.56999999999
"5932"	6386.9400000000005
"5939"	6365.799999999999
"5946"	77098.24999999999
"5960"	8777.950000000004
"5967"	9486.38
"5974"	8317.09
"5981"	9143.94
"5988"	7650.619999999998
"5995"	130564.12000000004
"6002"	2934.52
"6009"	7992.639999999998
"6023"	9830.7
"6065"	10594.960000000001
"9901"	50602.560000000005
"9922"	564.3
"9929"	78.0
"2178"	2563551.7799999514
"2248"	5577372.609999937
"2290"	2609399.5999999745
"2353"	2138832.0999999396
"2367"	610690.7200000061
"2465"	6701872.439999991
"2500"	11034912.030001324
"2507"	2478873.8599999547
"2514"	2149034.829999962
"2521"	10149331.170000592
"2528"	9326998.750000127
"2535"	5841721.89000025
"2549"	7735731.819999608
"2556"	3570837.4499999713
"2584"	3290639.7199999844
"2591"	4876573.779999841
"2605"	7403136.890000107
"2612"	2276462.5599999186
"2619"	16362809.030002046
"2626"	8354339.509999767
"2633"	85371293.73999856
"2647"	11320323.960001322
"2661"	3841253.0399998464
"2668"	314914.64000000054
"2675"	2729778.37999999
"2689"	27302.879999999997
"2696"	39033.519999999975
"2703"	13053.810000000007
"2710"	1928.9099999999999
"2717"	1182.65
"2836"	174173.91999999998
"2843"	756383.6499999971
"2850"	296567.14000000234
"2955"	779050.810000008
"2962"	1136003.219999963
"3172"	19329.33999999997
"3354"	21461922.189999938
"3403"	882096.5499999793
"3417"	2545969.10999995
"3480"	3057.4500000000003
"3494"	17046391.77000061
"3529"	679010.2899999829
"3536"	200104.63999999998
"3543"	61129.68999999998
"3592"	4359237.619999916
"3606"	469844.7299999984
"3648"	333857.4999999993
"3655"	331539.870000001
"3676"	281463.6500000006
"3690"	1304237.5999999929
"3697"	172787.67999999956
"3704"	2441487.259999925
"3725"	104614.80000000042
"3732"	2683752.3499999833
"3760"	53824.560000000005
"3774"	1110853.6800000197
"3816"	1032419.8700000038
"3830"	2718564.6199999372
"3858"	1852369.679999957
"3872"	514768.5100000042
"3879"	1131084.0500000133
"3886"	2411903.789999983
"3907"	677561.519999985
"3928"	1100351.0400000003
"3942"	3150343.089999985
"3949"	1838565.3800000036
"3963"	1673660.2199999578
"3970"	438374.04000000324
"4005"	272072.22999999835
"4012"	761931.4599999888
"4019"	2323068.8299999647
"4026"	14196.78999999999
"4033"	84426.16000000013
"4040"	113003.83000000009
"4068"	1778718.5499999728
"4075"	361451.70000000374
"4103"	2097225.909999952
"4110"	1133645.3600000208
"4117"	185799.39000000077
"4131"	2217351.4399999874
"4138"	1203405.890000003
"4152"	1448940.0399999637
"4159"	1518911.8799999899
"4166"	585133.2199999985
"4173"	294655.3299999997
"4180"	1345692.709999954
"4187"	217777.77000000037
"4194"	1205518.640000012
"4201"	1557945.139999964
"4215"	89338.15999999999
"4222"	522309.10999999655
"4229"	1430707.1400000013
"4236"	1508913.4299999622
"4250"	599887.6800000025
"4257"	213178.87000000058
"4271"	1002352.4500000085
"4285"	1649644.269999964
"4299"	822303.400000002
"4306"	726540.239999999
"4313"	835177.9900000049
"4320"	2004537.9799999972
"4327"	146607.18999999994
"4334"	1301943.060000003
"4341"	44267.86999999999
"4348"	138230.93000000116
"4355"	505846.5400000042
"4362"	470726.0800000071
"4369"	672173.9300000068
"4376"	289618.5100000009
"4383"	21726.569999999996
"4390"	11231.43
"4397"	369264.42000000615
"4404"	557504.6500000078
"4411"	556102.3700000044
"4418"	326112.0800000015
"4425"	44096.87999999998
"4432"	209388.6600000013
"4439"	565158.2200000066
"4446"	793584.5500000113
"4453"	718576.8300000109
"4460"	98487.23000000017
"4467"	354948.62000000395
"4474"	648451.7600000097
"4481"	1257555.409999972
"4488"	94936.80999999997
"4495"	634296.970000009
"4502"	658148.1200000067
"4509"	5210752.009999865
"4516"	338817.79000000097
"4523"	319910.75999999954
"4530"	307427.2999999997
"4537"	323902.25000000064
"4544"	193029.90000000052
"4551"	363937.9699999995
"4558"	909929.4200000231
"4565"	534852.4300000018
"4572"	195354.09999999986
"4579"	31024.18000000004
"4586"	129328.13999999981
"4593"	231709.55000000104
"4600"	319991.3700000015
"4607"	207098.08999999953
"4614"	188730.690000001
"4621"	316313.98
"4628"	604004.1400000033
"4635"	262106.71000000043
"4642"	949259.9900000124
"4649"	192634.01999999947
"4656"	182496.89000000036
"4663"	249432.56999999928
"4670"	890126.3699999967
"4677"	14745397.720000206
"4684"	850931.400000003
"4691"	152224.89000000016
"4698"	736072.2199999918
"4705"	377060.7100000016
"4712"	406739.6200000015
"4719"	334076.8600000008
"4726"	523915.1700000027
"4733"	593352.930000004
"4740"	349407.37000000116
"4747"	411631.1000000017
"4754"	153353.41000000018
"4761"	219986.46000000014
"4768"	152083.78000000023
"4775"	161178.32000000024
"4782"	181392.32000000033
"4789"	81688.5
"4796"	263970.62000000017
"4803"	901878.1500000067
"4810"	656251.5100000083
"4817"	213970.84999999998
"4824"	415807.94000000006
"4831"	214684.04000000053
"4838"	148707.2900000004
"4845"	355340.8300000017
"4852"	231556.1199999998
"4859"	377999.5400000045
"4866"	720262.3200000046
"4873"	309709.7299999998
"4880"	143740.98000000056
"4887"	319571.64000000147
"4894"	13137.969999999996
"4901"	1633193.6199999955
"4908"	315608.3800000012
"4915"	116412.14000000022
"4922"	9044.73
"4929"	175340.10000000012
"4936"	26809.49999999999
"4943"	96946.28000000029
"4950"	385944.15000000055
"4957"	52092.25000000001
"4964"	69297.5700000001
"4971"	2933635.849999981
"4978"	645547.2700000022
"4985"	79382.17000000004
"4992"	83360.60000000021
"4999"	168061.33000000042
"5006"	55201.46999999997
"5013"	239887.4600000004
"5020"	130444.33999999994
"5027"	1318829.0499999968
"5034"	1184387.6200000085
"5041"	204181.51000000007
"5048"	81847.44000000012
"5055"	119205.79000000017
"5062"	105495.80000000008
"5069"	253431.2300000017
"5076"	199776.19999999946
"5083"	257669.26000000065
"5090"	102817.77000000012
"5097"	995402.6000000022
"5104"	356104.2900000012
"5111"	165840.31999999975
"5118"	55660.450000000004
"5125"	2449145.280000032
"5132"	98281.25000000029
"5139"	13489.260000000002
"5146"	2385426.0799999903
"5153"	213783.57000000012
"5160"	16240.009999999997
"5167"	1236814.5400000012
"5174"	434915.1100000055
"5181"	102783.11000000013
"5188"	183135.62999999963
"5195"	253538.07000000024
"5202"	82011.57000000024
"5209"	70871.90999999996
"5216"	129337.57000000034
"5223"	123260.44000000041
"5230"	1066375.8600000131
"5237"	717879.0400000035
"5244"	1882076.8399999887
"5251"	3669317.9599999464
"5258"	175283.51000000085
"5265"	89257.34999999992
"5272"	42533.220000000045
"5279"	161658.99000000028
"5286"	541761.7600000054
"5293"	1943868.5400000205
"5300"	146714.93999999968
"5307"	1213316.0200000023
"5314"	443508.07000000245
"5321"	48980.79000000004
"5328"	75113.40000000008
"5335"	666197.3400000045
"5342"	110973.31000000007
"5349"	63845.559999999976
"5356"	218644.3900000002
"5363"	85552.06
"5370"	8964.180000000002
"5377"	66276.80000000003
"5384"	118900.77000000046
"5391"	50553.329999999994
"5398"	43880.130000000034
"5405"	227901.43999999933
"5412"	86548.11000000003
"5419"	31977.76000000003
"5426"	332402.0499999998
"5433"	600.1999999999999
"5440"	113772.24999999962
"5447"	179688.39999999985
"5454"	5981.04
"5461"	4581.040000000001
"5468"	25094.980000000014
"5475"	35391.48
"5482"	616327.5100000014
"5489"	79818.48999999998
"5496"	449863.80000000226
"5503"	47480.18
"5510"	101105.79999999958
"5517"	226459.36000000057
"5524"	658389.7500000009
"5531"	33759.39000000001
"5538"	72473.86000000007
"5545"	89444.78999999983
"5552"	82827.45999999998
"5559"	805595.3600000071
"5566"	711918.8400000026
"5573"	61717.240000000005
"5580"	40169.929999999986
"5587"	24614.230000000036
"5594"	87146.03000000003
"5601"	59513.95000000002
"5608"	62469.27999999999
"5615"	66077.18999999999
"5622"	69774.8200000001
"5629"	3088.2300000000005
"5636"	548174.2400000009
"5643"	192102.13999999993
"5650"	45732.73000000005
"5657"	41789.339999999946
"5664"	66165.78000000003
"5671"	250359.78000000023
"5678"	742795.7800000053
"5685"	309641.49999999953
"5692"	155704.38000000032
"5699"	58430.02999999998
"5706"	317215.7500000013
"5713"	195802.87000000043
"5720"	52691.80000000001
"5727"	52877.48999999995
"5734"	266466.96999999986
"5741"	146768.8100000001
"5748"	38025.29000000002
"5755"	41870.78000000003
"5762"	30312.190000000002
"5769"	37378.2
"5776"	15411.820000000005
"5783"	26707.53999999999
"5790"	52472.08000000002
"5797"	21870.049999999996
"5804"	16971.01
"5811"	53144.63000000002
"5818"	30622.230000000014
"5825"	36890.79000000001
"5832"	15749.339999999998
"5839"	181746.3300000004
"5846"	211120.82000000073
"5853"	12610.560000000003
"5860"	45556.810000000005
"5867"	3758.3699999999994
"5874"	13152.160000000002
"5888"	23900.329999999987
"5895"	15700.599999999997
"5902"	90793.30999999997
"5909"	74667.50000000001
"5916"	387049.8699999997
"5923"	25601.039999999994
"5930"	3906.0599999999995
"5937"	32673.79000000001
"5944"	12992.779999999999
"5951"	18527.76
"5965"	8239.879999999997
"5972"	8239.879999999997
"5979"	8914.39
"5986"	8055.58
"5993"	9011.04
"6000"	21140.08000000001
"6007"	9266.140000000001
"6021"	7682.200000000001
"6028"	7682.199999999999
"6035"	136965.57000000004
"6042"	1025.3999999999999
"9010"	63568.50000000002
"9017"	235.68
"9031"	153436.62
"9038"	401232.0
"9906"	205679.29000000012
"9913"	9170.520000000004
"9927"	2165.8199999999997
"9934"	693.12
"2106"	10534284.180000251
"2113"	657811.3800000177
"2190"	19302173.71000341
"2260"	2046.18
"2498"	148081.83999999976
"2505"	5883429.83999969
"2512"	36448030.08000015
"2554"	2082918.359999974
"2561"	12535875.780001605
"2568"	2408508.54999997
"2575"	2214627.70999997
"2582"	5783555.229999893
"2596"	1994929.299999892
"2603"	12953987.05000207
"2624"	8481674.139999779
"2638"	2068871.09999989
"2645"	111310.19000000012
"2652"	4498246.909999878
"2659"	131108.44000000047
"2666"	10835774.790001052
"2673"	2658522.139999955
"2680"	119530.49000000017
"2687"	44195.279999999984
"2701"	2400.15
"2708"	24608.199999999993
"2715"	81907.01
"2806"	3221350.0099999877
"2841"	842540.3800000146
"2848"	308304.7300000004
"2953"	861534.840000014
"2960"	432020.33000000153
"3016"	159022.59000000032
"3065"	719675.8699999902
"3352"	1457861.869999974
"3443"	4368627.3699999675
"3492"	80287.87000000004
"3534"	28472.979999999978
"3562"	4933806.439999856
"3569"	12540.42
"3576"	419028.66000000114
"3583"	161478.8500000004
"3611"	614450.5900000043
"3618"	4744043.989999861
"3625"	4663437.449999874
"3632"	3428189.7799999355
"3660"	1443063.0799999996
"3688"	289168.13000000146
"3695"	1083656.020000011
"3723"	2267794.809999862
"3744"	2163150.7299999897
"3772"	1566183.7999999989
"3779"	299913.74999999924
"3814"	28598546.180000328
"3842"	2950906.0000000205
"3849"	808050.3599999995
"3870"	745128.850000009
"3877"	1191865.1200000145
"3891"	378157.65000000043
"3912"	896915.3299999832
"3926"	6072884.199999776
"3947"	472615.4899999979
"3968"	189400.3999999998
"3989"	827167.8499999931
"4010"	451672.75000000006
"4024"	1031805.9000000085
"4038"	86761.58999999997
"4052"	10297.11999999999
"4059"	87999.03000000042
"4066"	38746.18999999999
"4073"	3700792.7999999532
"4080"	175769.01000000074
"4094"	91819.52000000005
"4101"	58996.29000000017
"4108"	964894.9399999899
"4115"	2160.78
"4129"	6077282.940000268
"4136"	2744391.719999984
"4143"	677798.1999999996
"4150"	1332445.0199999916
"4157"	1465340.3499999703
"4164"	941698.8099999961
"4171"	1069315.540000002
"4185"	1609354.7699999642
"4192"	1145964.860000001
"4213"	16431.109999999997
"4234"	1340874.329999996
"4248"	1231135.3700000008
"4255"	3927043.0699999654
"4262"	45213.8800000001
"4269"	2070354.219999887
"4276"	353818.8800000008
"4283"	277026.91000000056
"4297"	1077711.3399999926
"4304"	249546.29000000015
"4311"	1824608.059999971
"4318"	869295.3300000057
"4325"	63660.620000000046
"4332"	281720.5099999998
"4346"	764843.3199999915
"4353"	339959.7100000012
"4360"	210068.4000000004
"4367"	103964.06999999993
"4374"	539922.7400000079
"4381"	92567.10000000005
"4388"	198960.0699999994
"4395"	503174.1400000064
"4402"	852302.4700000098
"4409"	174782.35000000006
"4416"	139819.43999999968
"4430"	166241.07000000007
"4437"	323144.1100000025
"4444"	631762.4700000093
"4451"	174454.05000000022
"4458"	203755.2600000002
"4465"	23589.960000000006
"4472"	507044.0099999977
"4486"	69060.25999999997
"4493"	378838.0199999995
"4500"	249127.38000000056
"4507"	184795.59000000026
"4514"	420341.3899999988
"4521"	195099.92999999993
"4528"	159410.1200000002
"4535"	321851.21000000025
"4542"	202132.18000000025
"4549"	383295.18000000005
"4556"	220898.44000000012
"4563"	101090.18999999993
"4570"	22804.42999999999
"4577"	274592.68999999913
"4584"	230654.1699999999
"4591"	203801.24000000022
"4598"	312043.5000000009
"4605"	348556.4100000011
"4612"	1161836.5700000084
"4619"	892099.7399999904
"4626"	518301.9800000077
"4633"	679063.829999995
"4640"	1339309.7900000107
"4647"	642751.2500000048
"4654"	564684.340000009
"4661"	363863.0400000029
"4668"	1091278.040000004
"4675"	411520.550000003
"4682"	8911.740000000002
"4689"	145256.50999999995
"4696"	427020.23000000673
"4703"	419433.9600000027
"4710"	256967.22000000015
"4717"	234815.7899999995
"4724"	191251.63999999958
"4731"	407040.55000000226
"4738"	311041.9199999998
"4745"	346290.04999999976
"4752"	1446929.740000007
"4759"	141966.0799999999
"4766"	115821.78999999998
"4773"	203182.77000000208
"4780"	271163.2200000008
"4787"	395420.9800000006
"4794"	2407274.589999873
"4801"	831165.5600000088
"4808"	516994.4300000044
"4815"	4239.96
"4822"	10586.680000000002
"4829"	72607459.14000604
"4836"	377304.74000000063
"4843"	116351.77999999968
"4850"	26455.059999999998
"4857"	148823.74999999977
"4864"	1091745.8600000038
"4871"	8666.079999999993
"4878"	574221.2099999966
"4885"	234212.4799999995
"4892"	486477.2800000022
"4899"	367391.82999999705
"4906"	30145.540000000015
"4920"	79423.91999999985
"4927"	215091.62999999986
"4934"	203891.74999999988
"4941"	597088.6200000085
"4948"	147892.51999999993
"4955"	59806.99000000008
"4962"	1572241.3300000217
"4969"	4667864.609999944
"4976"	36804.49000000001
"4983"	84415.93999999994
"4990"	10460.05
"4997"	1433361.2200000228
"5004"	809645.200000005
"5011"	122806.80000000002
"5018"	612957.5100000061
"5025"	116097.25999999982
"5032"	45274.94999999998
"5039"	200014.83999999968
"5046"	121955.35999999997
"5053"	6389.119999999997
"5060"	498891.2000000093
"5067"	346471.54000000283
"5074"	74800.67
"5081"	285279.62000000064
"5088"	66354.31999999995
"5095"	21247.069999999992
"5102"	16564553.100000873
"5109"	214807.7900000005
"5116"	1374841.0299999854
"5123"	244229.3700000003
"5130"	14206.509999999987
"5137"	43651.02999999995
"5144"	11750660.800000211
"5151"	1265946.110000008
"5158"	11783.910000000005
"5165"	121001.99999999987
"5172"	911578.5100000026
"5179"	195785.91999999923
"5186"	131391.59000000005
"5193"	104525.64000000019
"5200"	107542.25
"5207"	1623624.4200000053
"5214"	68580.06999999998
"5221"	30259.030000000013
"5228"	203824.53999999943
"5235"	209864.02999999907
"5242"	181025.6999999998
"5249"	461158.9000000027
"5256"	24917.170000000006
"5263"	751730.3500000043
"5270"	111945.34000000001
"5277"	70425.95999999992
"5284"	275113.2400000017
"5291"	100953.77000000006
"5298"	1559092.390000009
"5305"	19873.900000000005
"5312"	17149.150000000005
"5319"	486400.48000000214
"5326"	2037420.7299999506
"5333"	741108.2300000029
"5340"	294939.15000000066
"5347"	400401.09000000334
"5354"	123137.95999999972
"5361"	393045.96000000683
"5368"	24312.950000000004
"5375"	145340.1500000004
"5382"	103656.1600000001
"5389"	95229.42000000007
"5396"	78694.00000000009
"5403"	337295.4000000013
"5410"	80932.65000000011
"5417"	203133.47999999998
"5424"	33275.760000000024
"5431"	910739.6100000078
"5438"	1017.1800000000001
"5445"	49537.21999999999
"5452"	44137.349999999984
"5459"	50923.220000000045
"5466"	648468.2000000015
"5473"	126870.33000000016
"5480"	107422.4
"5487"	119654.61999999968
"5494"	31276.479999999996
"5501"	300017.18000000314
"5508"	21876.299999999985
"5515"	162391.90999999997
"5522"	69277.00000000006
"5529"	58565.72999999988
"5536"	130389.8499999999
"5543"	31596.06
"5550"	43647.37000000001
"5557"	62554.41000000002
"5564"	162058.98000000007
"5571"	39565.11999999998
"5578"	17832.680000000004
"5585"	71032.95000000001
"5592"	171322.20000000013
"5599"	589978.7000000045
"5606"	480438.5700000031
"5613"	92119.26000000004
"5620"	112421.21999999994
"5627"	30187.559999999994
"5634"	57287.59
"5641"	28086.17000000002
"5648"	235334.8600000002
"5655"	344065.2400000006
"5662"	449864.97000000137
"5669"	281092.7300000019
"5676"	430625.2600000057
"5683"	46407.67000000008
"5690"	24328.250000000004
"5697"	39146.24000000002
"5704"	150038.64000000033
"5711"	36507.270000000004
"5718"	37414.19
"5725"	35675.14000000002
"5732"	179046.59000000005
"5739"	28889.870000000006
"5746"	32468.27999999999
"5753"	33677.72000000001
"5760"	21197.620000000003
"5767"	21696.940000000002
"5774"	44301.45000000002
"5781"	54909.450000000055
"5788"	25635.970000000005
"5795"	46039.18000000001
"5802"	28450.090000000007
"5809"	20484.98
"5816"	31749.290000000005
"5823"	67496.19000000008
"5830"	993.24
"5837"	19570.87999999999
"5844"	37967.44
"5851"	19903.050000000007
"5858"	29161.08000000001
"5865"	34133.159999999996
"5872"	41463.06
"5879"	29302.86000000001
"5886"	288014.6600000004
"5893"	17130.62
"5900"	96841.24999999997
"5907"	16124.049999999992
"5914"	62339.02000000007
"5921"	13612.279999999999
"5928"	12935.399999999996
"5935"	17634.87
"5942"	11345.88
"5949"	246600.5799999995
"5956"	42655.49999999998
"5963"	9352.459999999997
"5970"	6983.400000000001
"5977"	7850.14
"5984"	9011.04
"5991"	9351.58
"5998"	19884.48999999999
"6005"	9243.199999999999
"6019"	11510.599999999999
"6026"	12491.82
"6033"	8025.819999999999
"6040"	8922.129999999996
"6047"	5192.880000000001
"6054"	38182.47000000002
"6061"	11257.899999999994
"9001"	1696759.080000003
"9022"	8932.86
"9911"	256806.6299999998
"9925"	1938.93
"2132"	57185.950000000004
"2475"	938694.4899999946
"2503"	263517.0400000005
"2510"	687937.2499999903
"2517"	7222456.349999708
"2524"	10682911.410000805
"2538"	7631641.180000065
"2545"	4625176.849999935
"2552"	9468834.630000418
"2559"	1027939.7600000004
"2566"	3392436.549999956
"2573"	11512366.000000864
"2587"	7052779.660000527
"2594"	6930920.660000004
"2601"	5081893.220000051
"2622"	6466294.89999989
"2629"	13915589.770000877
"2636"	5859523.099999747
"2643"	6491160.290000006
"2650"	4913752.81999994
"2657"	579437.3499999972
"2664"	97638.99000000005
"2671"	1905333.879999989
"2678"	240714.60000000027
"2685"	215626.93000000025
"2692"	11161.57
"2699"	9106.389999999998
"2706"	20046.060000000012
"2713"	71508.13999999997
"2720"	7400.540000000004
"2839"	500352.6700000019
"2846"	486912.0
"2853"	235277.44000000067
"2951"	742401.7900000034
"2958"	760599.4000000035
"3056"	570702.8000000081
"3385"	31875542.939999748
"3420"	25442748.44999994
"3525"	5040232.410000251
"3616"	254870.1100000007
"3644"	5403639.639999785
"3651"	2093927.65999998
"3679"	978773.4199999869
"3700"	1727602.449999956
"3707"	2528648.599999911
"3721"	4296896.0899999
"3728"	2431903.3300000215
"3735"	1757762.0499999737
"3742"	1655627.6199999875
"3749"	1886575.1599999918
"3756"	967624.1200000115
"3763"	910588.3500000146
"3784"	1744965.8299999884
"3791"	218795.68999999802
"3798"	74585.37999999992
"3805"	2588841.7099999455
"3812"	8864.820000000003
"3819"	1990365.5999999002
"3826"	251485.4899999998
"3833"	1905057.5099999788
"3847"	503145.9700000031
"3868"	4980448.509999874
"3882"	494760.0299999978
"3889"	2175826.419999971
"3896"	1338910.0399999747
"3910"	989774.3199999986
"3917"	1331595.3499999943
"3952"	25646888.679998424
"3959"	525064.0400000076
"3973"	1500832.6199999787
"3980"	4831839.099999793
"3987"	2273251.319999997
"3994"	676213.5099999896
"4001"	2274514.6299999673
"4008"	474776.4000000024
"4015"	2679495.6599999703
"4029"	58876.140000000036
"4036"	345116.00000000076
"4043"	200282.25000000044
"4050"	222103.68000000002
"4057"	4148170.779999868
"4071"	113322.84000000026
"4078"	104540.07000000004
"4085"	444660.84000000247
"4092"	2390778.8299999824
"4099"	232539.69000000006
"4106"	446591.7800000085
"4113"	50827.260000000046
"4134"	352449.5900000004
"4141"	672216.0300000017
"4148"	1808268.329999945
"4155"	905831.830000007
"4162"	1873541.4799999867
"4169"	1139554.8199999912
"4176"	647890.9599999973
"4183"	3017812.2900000084
"4190"	1573243.789999982
"4197"	1495277.7199999471
"4204"	1187269.0200000068
"4218"	12623.459999999997
"4225"	85664.88000000048
"4232"	521632.5499999985
"4239"	2455805.029999983
"4246"	692748.1200000064
"4253"	1813595.98999996
"4260"	1782652.6099999647
"4267"	518193.1200000018
"4274"	232078.56000000006
"4288"	940659.0399999932
"4295"	439433.4700000019
"4302"	206545.06000000038
"4309"	137646.49000000002
"4323"	10759.360000000004
"4330"	16523.70999999999
"4337"	625253.3399999988
"4344"	1074612.8099999467
"4351"	326200.600000002
"4358"	174037.2900000002
"4365"	262403.9699999985
"4372"	102807.4199999997
"4379"	612132.4100000109
"4386"	99639.96
"4393"	458681.14000000287
"4400"	23451.35000000002
"4407"	16656.000000000007
"4414"	383234.25000000367
"4421"	267662.2000000004
"4428"	658401.240000008
"4435"	136043.1400000001
"4442"	390318.77999999793
"4449"	414490.14000000287
"4456"	547542.6900000112
"4463"	1357253.3100000022
"4470"	124085.71999999983
"4477"	260539.39999999988
"4484"	171118.3200000001
"4491"	356059.96999999916
"4498"	213892.99000000037
"4505"	259411.91999999978
"4512"	291452.1599999985
"4519"	314025.0000000001
"4526"	121583.87000000016
"4533"	274378.3800000006
"4540"	213458.42999999927
"4547"	763642.4600000002
"4554"	276528.77000000037
"4561"	390368.03000000044
"4568"	1369595.4500000093
"4575"	421300.5400000013
"4582"	1216137.8200000003
"4589"	549444.2000000005
"4596"	495642.03000000777
"4603"	485028.30000000284
"4610"	151529.06000000035
"4617"	2661914.3099998836
"4624"	364453.3000000004
"4631"	444688.2400000014
"4638"	2734160.510000005
"4645"	267331.4100000016
"4652"	1960174.5699999835
"4659"	146535.40000000005
"4666"	71043.95000000004
"4673"	1716800.779999989
"4680"	9745.93999999998
"4687"	357216.0700000028
"4694"	819523.6300000038
"4701"	122433.52000000014
"4708"	928551.3700000118
"4715"	354922.070000001
"4722"	238529.63999999978
"4729"	409705.7100000011
"4736"	303868.86000000004
"4743"	2090987.3000000035
"4750"	189501.55000000013
"4757"	880566.4299999739
"4764"	904385.659999995
"4771"	252666.7899999996
"4778"	40328.25000000003
"4785"	332567.1899999999
"4792"	211416.68000000037
"4799"	354320.2100000006
"4806"	911974.280000006
"4813"	145995.02999999982
"4820"	295669.32000000094
"4827"	1029367.1600000001
"4834"	31523.160000000014
"4841"	269454.4800000016
"4848"	413079.09000000206
"4855"	128622.81999999998
"4862"	229366.61999999953
"4869"	446661.06000000145
"4876"	1176414.660000024
"4883"	140249.70000000007
"4890"	204195.92000000062
"4897"	1278490.7400000026
"4904"	559720.8699999991
"4911"	176360.19000000018
"4918"	8721.07
"4925"	103229.73999999993
"4932"	714547.270000006
"4939"	153339.69000000026
"4946"	11707.06
"4953"	147215.7300000001
"4960"	801673.8099999964
"4967"	686330.2700000074
"4974"	143337.41000000003
"4981"	279341.93999999977
"4988"	6342384.430000001
"4995"	143713.72999999978
"5009"	128240.45999999986
"5016"	3734.49
"5023"	109446.35999999988
"5030"	55302.189999999995
"5037"	141864.61999999988
"5044"	183953.03999999998
"5051"	590884.3000000061
"5058"	284484.22999999876
"5065"	249366.68000000075
"5072"	307287.9099999984
"5079"	151579.94000000053
"5086"	650690.8500000038
"5093"	99586.06
"5100"	816811.5800000128
"5107"	303409.7600000008
"5114"	112111.71000000014
"5121"	334389.510000001
"5128"	1571037.5400000045
"5135"	916144.8900000066
"5142"	567940.8500000051
"5149"	613443.9199999992
"5156"	82437.85000000012
"5163"	295620.9800000013
"5170"	116403.24000000017
"5177"	187759.78000000038
"5184"	101115.29000000001
"5191"	71297.82000000007
"5198"	1095007.5700000182
"5205"	85484.10000000036
"5212"	66291.67999999992
"5219"	413927.1700000053
"5226"	776036.7900000116
"5233"	172437.68999999992
"5240"	83002.72000000006
"5247"	118543.65000000068
"5254"	799460.8600000138
"5261"	219209.82000000036
"5268"	251384.77999999907
"5275"	138200.63999999993
"5282"	87880.07999999991
"5289"	226470.02999999945
"5296"	160333.39
"5303"	202992.49000000025
"5310"	35860.5
"5317"	246132.84000000035
"5324"	129410.58000000085
"5331"	129985.69000000013
"5338"	267782.3799999997
"5352"	427425.35999999964
"5359"	569958.0199999998
"5366"	733049.6900000019
"5373"	310612.9499999997
"5380"	292847.8600000021
"5387"	92707.4200000001
"5394"	101554.73999999999
"5401"	34170.72999999996
"5408"	48700.65000000002
"5415"	926503.6500000125
"5422"	114648.72999999995
"5429"	69004.13000000006
"5436"	225634.74000000025
"5443"	1424322.660000018
"5450"	41101.60000000001
"5457"	6894.88
"5464"	14820.049999999992
"5471"	1046905.7700000028
"5478"	62946.02999999998
"5485"	130803.84999999987
"5492"	64926.98999999995
"5499"	180442.70999999915
"5506"	24712.800000000003
"5513"	188318.7099999995
"5520"	126573.2799999996
"5527"	895517.240000006
"5534"	89545.07999999999
"5541"	85841.82999999999
"5548"	71798.90999999997
"5555"	299178.6500000001
"5562"	70343.09000000008
"5569"	62706.48000000002
"5576"	80694.64000000009
"5583"	112543.69999999992
"5590"	95204.93000000008
"5597"	609600.7400000028
"5604"	58245.3800000001
"5611"	48092.37000000003
"5618"	80116.45000000007
"5625"	133634.7499999998
"5632"	98985.23000000011
"5639"	40154.17000000003
"5646"	441296.2400000024
"5653"	29576.06000000002
"5660"	878645.4600000072
"5667"	36401.78000000002
"5681"	134195.8100000001
"5688"	59276.560000000005
"5695"	27231.459999999992
"5702"	139146.96999999994
"5709"	198352.41000000082
"5716"	54312.88999999994
"5723"	53848.14999999998
"5730"	150981.16000000018
"5737"	70490.45
"5744"	12117.059999999994
"5751"	23776.64
"5758"	40755.25000000004
"5765"	38691.07999999999
"5772"	42484.36999999998
"5779"	48827.41000000007
"5786"	33999.09
"5793"	24864.009999999984
"5800"	94698.2799999999
"5807"	38060.270000000004
"5814"	37477.21000000006
"5821"	45197.33000000005
"5828"	157661.85000000027
"5835"	45757.46000000002
"5842"	314410.5400000001
"5849"	74790.28000000001
"5856"	115627.46000000044
"5863"	84374.96999999977
"5870"	378404.29000000225
"5877"	31535.81000000001
"5884"	30954.859999999997
"5891"	33321.79000000001
"5898"	25579.829999999998
"5905"	38440.80999999996
"5919"	22402.520000000008
"5926"	58046.159999999974
"5933"	139957.41
"5940"	23466.260000000006
"5947"	3368.6000000000004
"5954"	8001.670000000001
"5961"	10978.64
"5968"	11510.8
"5975"	11941.58
"5982"	7813.099999999997
"5989"	8723.569999999996
"5996"	9364.099999999995
"6003"	12485.220000000003
"6010"	8616.939999999999
"6045"	16924.22
"9013"	397542.77999999706
"9034"	4917.6
"9041"	107837.87999999987
"9902"	28903.940000000064
"9923"	1216.68
"9930"	288.0
"9937"	157.5
